2D_X,2D_Y,3D_X,3D_Y,3D_Z
398,500,1.3648848925731563,-141.1935689602223,-49.26241779294888
397,437,1.687859013427956,-154.06924047931318,-26.748126912205798
398,459,1.3568070357214557,-146.98932436322798,-34.61592932929284
383,386,6.649216888617372,-138.15935674421502,-9.377856191281982
397,420,1.6875830578101934,-154.20123681546931,-20.94922758135531
397,399,1.6958858442677436,-150.22981053623897,-13.831976994805006
397,352,1.7329830729731637,-132.48529672505316,2.7188863464616553
290,361,41.07044294993906,-116.1835569908477,-0.2177953677333342
397,315,1.7460856972926149,-126.21799034361163,16.192987172134465
397,294,1.7440795553380344,-127.17757721472071,23.69936775391836
397,230,1.7630524855630982,-118.10235962661761,47.69470209110004
398,508,1.3633975796820867,-142.26069627909288,-51.96971540164311
398,516,1.3622721295559574,-143.06819185237174,-54.68890698394671
398,520,1.3613288439900133,-143.74498676416152,-56.01934345067828
398,526,1.3638721153562745,-141.92022321203024,-58.28796613885333
398,533,1.3619226188283604,-143.3189611746149,-60.58891808360648
398,542,1.3604837136359405,-144.3513566102465,-63.611305645019826
398,553,1.3611351515283223,-143.883958542441,-67.4907991753686
398,572,1.3621657061903867,-143.14454920894997,-74.19974668680001
397,447,1.6898055621136907,-153.13815852943378,-30.197876395744387
382,449,7.105221768162168,-129.86855722379016,-31.926948538874015
235,314,65.45054114725203,-79.85327297145591,18.83120619866714
333,369,25.196004436332572,-117.88887678513936,-3.1747859272588643
318,371,30.665622672489754,-118.28043683252145,-3.9107354622780166
304,372,35.864223716577,-117.136036402385,-4.266626664958776
283,367,43.90121533501776,-113.00057357697938,-2.382905572888074
345,363,20.842690893410595,-116.83792137013495,-0.9622422114496487
313,331,32.32655657152006,-121.05746125171754,10.620130221337192
328,331,26.904861460880767,-120.31652272734289,10.647754571245365
298,335,37.84249710420812,-120.25459740132828,9.19212619054201
288,342,41.63401843990709,-118.37531388227762,6.696395449020713
270,379,49.102591353916466,-108.6143759065385,-6.800567409926608
336,602,23.353946630949437,-134.56280074113772,-85.95647277667558
284,359,43.34115064527106,-115.35745876612475,0.5315272945277147
225,381,68.86983587111793,-84.01138055638319,-7.48575117072016
253,371,56.060307840492996,-102.52713017081874,-3.762530889391785
318,436,30.367721126129258,-123.49361774981708,-27.504540800401386
377,498,8.711552507082086,-141.26049688587187,-48.55733929793894
380,517,7.653304523172681,-141.88547902535555,-55.146700205248386
356,506,16.141258864443223,-138.5553936455343,-51.585147935379645
343,515,20.845460678248656,-135.23984046684478,-55.052250373336406
365,519,12.942298386818218,-139.92405287440914,-56.02936502598797
353,523,17.265241368287743,-136.4551462083915,-57.76728346025815
323,546,28.426255230104466,-125.92245894048074,-67.07616476789386
383,438,6.471592690022652,-153.152652288431,-27.123219632782934
381,421,7.159395101420632,-152.79877000388888,-21.325728393401942
264,326,50.82564943766823,-114.02209937561338,12.726566881370765
350,393,18.81011379048407,-122.52761057944474,-11.934498213959175
345,439,20.52794071844737,-125.04988812237036,-28.53211522862215
344,431,20.88332237976421,-125.19750834505419,-25.63819117399693
274,438,46.96428867975994,-115.99330966516095,-28.508628339725284
382,402,6.8698011435504105,-148.63646644790367,-14.882194125266798
299,303,37.4260325242906,-120.99311570304212,20.81367879472981
279,312,44.95070105148642,-118.08431799880373,17.684915015901375
250,283,57.29210454601627,-101.55821440218801,29.467760457242115
365,311,13.372320401281415,-122.29347543308597,17.83531675141756
341,335,22.222291848667844,-118.97482056563001,9.236272616799459
311,531,32.95350143502057,-122.68437798583795,-61.99873123364755
234,540,65.37637713041217,-83.8885141044268,-69.46793973315624
357,448,15.777765058412344,-138.94793983236468,-31.16738600262958
370,453,11.204840518902445,-139.13828040518575,-32.91558651468974
329,531,26.157623142278897,-128.05319646053442,-61.45061526699548
337,530,23.23988412130768,-129.0859687392358,-60.98684708368183
270,303,48.36819146898626,-116.72087128626765,21.05632293509116
345,448,20.55145361938543,-124.43642647528941,-31.809544952158028
327,301,27.141933158505935,-122.82024553230121,21.43529877930255
324,289,28.16821799691248,-123.98718473189672,25.709993052997092
311,241,33.5526970747601,-113.0233680349844,44.17678519485747
260,293,52.66404971684693,-110.30049546539851,25.135181900670993
319,264,30.15803664049729,-120.79121535289346,35.02544860038685
255,321,54.395057932986276,-111.54839919460221,14.680170131335442
244,319,59.347967363666804,-103.48271039692736,15.789434921037808
378,508,8.357915314580149,-141.50779732677591,-52.034513126694755
361,514,14.361049178053726,-139.3485028223144,-54.32742039675434
348,519,19.0476446695563,-136.00172697748172,-56.39700444237957
361,451,14.353223780482645,-139.63643201255627,-32.18985165306044
333,531,24.670673742981442,-129.14015502925793,-61.33964497634128
340,532,22.130835692614223,-129.90052460936033,-61.61977922379357
339,529,22.455951050442497,-130.66851543752352,-60.4691567497797
366,440,12.481031616085557,-144.58728117114083,-28.137616453047208
357,523,15.826961540569139,-137.30618053153324,-57.6851437894996
368,521,11.87667104566639,-140.5202870340123,-56.67420321130885
382,520,6.943994080584669,-142.7217497164122,-56.11596447994316
376,572,9.048301360292589,-142.04356814553853,-74.34360575059422
377,552,8.669140155143998,-143.9066100428451,-67.14013760921338
378,541,8.322322418476784,-143.82938205227242,-63.32054103207021
380,532,7.641416763967923,-142.73841001813003,-60.30018130026549
381,526,7.354099727172062,-138.09371815141793,-58.66529049548647
355,528,16.62314568415279,-134.40494192457987,-59.738280145328254
352,530,17.665076257648472,-135.06081847032658,-60.38102362119032
348,535,19.025626179027388,-136.6093414236571,-61.98944541018516
344,541,20.432307624346368,-136.75454831209623,-64.09213120633407
329,496,26.24858526170174,-126.21477062804547,-49.02672751702289
222,459,70.0000226059558,-84.32608562619885,-37.86923761013165
397,452,1.6925481996405742,-151.82628777322958,-31.96742818086838
347,529,19.480389814234048,-133.85645041874562,-60.1481357738639
344,530,20.504897057890684,-134.89447838183554,-60.397889773963406
376,460,9.14409684215084,-136.31590225848925,-35.523356478277684
350,459,18.71850838120794,-125.15663733988231,-35.74942422865623
373,457,10.261103470506512,-133.2794963817865,-34.61689197994862
334,404,24.64428662118185,-121.92386831543547,-15.934605540853426
309,416,33.78569476195154,-121.00323120165513,-20.31466711610784
341,440,21.971972245861778,-125.06299014951003,-28.89275104255354
274,258,47.67897532315042,-107.85397300281215,38.3505923362317
283,274,43.79346117330179,-114.32214939240407,31.88249512969403
293,292,39.64180985044017,-120.56450710240836,24.84497329263678
336,556,23.37785792616773,-134.02667455616438,-69.71293912980846
360,290,15.062483454367495,-126.78329715610903,25.1639722940476
356,262,16.5458805765656,-125.35945162750932,35.36369067440503
350,233,18.99999294002949,-117.07817948854392,46.7048794262317
291,371,40.79316453249982,-114.99815193025643,-3.879856254345519
253,392,55.8383638565298,-104.69368624806589,-11.66480832286446
353,358,17.945071154560114,-115.69902382626356,0.8931165182151997
271,348,48.37164631465426,-112.60058725209365,4.648517965894083
361,381,14.80429392064328,-123.03967012039095,-7.580943876436869
355,431,16.90031649244136,-125.5664358198427,-25.626236160783826
236,406,63.272834976223386,-95.4723223430176,-17.0575672269983
264,400,51.12774025862733,-110.83465574767047,-14.601102669209883
283,404,43.60265930834677,-116.66228295427209,-16.006105754621895
313,399,32.44791814532808,-119.05572968110005,-14.146982227448646
334,391,24.760771437530895,-119.3912527282996,-11.222904427248313
350,382,18.88865311926306,-120.27357341353502,-7.938668235100319
382,357,7.171253979451923,-124.60441968529972,1.090111433255915
237,439,62.82081461696056,-96.09090931117942,-29.63197129296009
257,347,53.98035954562119,-108.27300206374275,5.131428444607394
389,447,4.425077334121787,-152.7828242796205,-30.213352911557067
350,408,18.730474691920865,-124.81321055606475,-17.340571945495817
221,386,72.16793627545694,-70.06941004490159,-9.44903166421877
362,372,14.496699801872268,-120.96464882134501,-4.299977562416418
340,442,22.284247259540802,-126.23149896631799,-29.568195249645015
278,359,45.76372415497894,-112.82635852596638,0.5765058634884372
354,421,17.24858069601546,-125.9569477388394,-22.008477230517908
224,499,69.23055987973686,-84.24796642592753,-53.456352392141405
352,353,18.310264122131283,-115.77274532506442,2.72979300485882
368,409,12.092868704790178,-130.82535205637407,-17.599231226019576
265,571,51.44977360288119,-103.46758485579062,-79.00793187676834
265,595,54.77471105465542,-68.12538299979394,-93.2207577858009
221,450,70.65404213949328,-82.20571183645836,-34.460324678039505
247,550,58.876981443386015,-97.31578728327224,-71.81759989090678
235,348,63.924119548964235,-93.12827053261367,5.143815992421327
331,622,25.204754593651987,-132.93562753063418,-93.31604795573969
391,452,3.7511632809213684,-151.23334438221252,-31.995319760680005
336,422,23.81018994764664,-124.33315878458973,-22.411421970192954
239,376,61.87422259819401,-97.73039077263059,-5.618308362866137
306,362,35.0282058159292,-118.70386444772623,-0.6246344110459745
319,362,30.248895035748372,-119.1815932212238,-0.6321250700286694
335,536,23.86906870127339,-131.01711705472894,-62.932941939240116
239,473,61.664833626216804,-99.59664936528463,-42.380755310260845
362,649,14.030952857093341,-138.55239987418435,-101.8832157512473
310,628,33.92401705396941,-112.99472568144131,-98.83369342910257
289,615,42.558724500654165,-101.69213090013568,-95.84516502936526
397,262,1.750202162922279,-124.24898393079093,35.458488445569955
399,651,1.0146036615555971,-141.7515348283872,-101.99254566592447
331,360,25.90014301399044,-118.47383071768252,0.11042297540942947
342,357,21.936570321819396,-117.00409212630802,1.235764995987143
349,355,19.39788094539506,-116.20059051429052,1.9857822512344523
247,346,58.25466050623067,-103.15248058666248,5.64164480488307
340,350,22.617124861617242,-118.27032314052497,3.7725683531001586
327,350,27.234849952144632,-120.99376416412281,3.707090688886396
316,351,31.20013812874207,-121.64928673109569,3.3278180905153807
303,353,35.97586288813528,-120.90866121152465,2.617051308639965
294,356,39.401522313350725,-118.88611902824607,1.5651355586139744
226,346,70.30938595842268,-68.92526103117461,6.55995299682732
297,362,38.418839160094514,-117.3030411352729,-0.6026698773802046
398,472,1.3677403313127057,-139.14482944842825,-39.59035610890458
342,484,21.38829214662907,-130.5690002556562,-44.400839142611915
357,445,15.748978776629539,-139.90858058921089,-30.072512399635528
374,475,9.811385284853063,-138.4846229831254,-40.68595394161213
397,334,1.746321658687651,-126.10512422451745,9.350717057881825
286,591,43.015395467354836,-110.19610067583176,-85.563319516379
307,607,34.551887239543,-120.41277322672886,-89.92307318800063
361,633,14.288884269614433,-142.00375240702493,-95.65780400751548
248,572,61.21870081436976,-71.61664624841103,-83.54589940189132
348,351,19.752328207141737,-116.55553029761859,3.4467337612913944
371,382,11.08407285515997,-127.7298935855398,-7.951658579500123
399,635,1.0121594783757897,-145.25887300739703,-95.78822075695774
333,640,24.672943930355657,-129.09153325608372,-100.4021458750438
224,487,68.99989079442375,-86.12867115824133,-48.64709614994354
366,526,12.656850898339934,-137.16681008086198,-58.75669113022772
364,531,13.3000928720094,-139.64433702198812,-60.267247037396224
361,538,14.296945025393338,-141.70716340140876,-62.50338938380848
359,548,14.992540341324446,-141.82873907452745,-65.98488197983629
353,565,17.17108126366462,-139.32998149001065,-72.23983738541749
344,527,20.470249675315664,-135.78230118666136,-59.24687829362283
339,526,22.3808966060185,-132.43410792066612,-59.22337385230582
333,523,24.56443072965033,-131.41561640932042,-58.25368607319329
317,512,30.72393293906666,-123.59761482508759,-55.02455898591925
260,477,52.85400314310897,-108.35350875348684,-43.331799684083556
371,368,11.196951735469254,-122.14443820750114,-2.8575854715399833
365,340,13.551068307494093,-114.96494643465576,7.533742266337857
355,344,17.189990838088615,-116.32921315488079,6.022555780202959
347,525,19.392840692240686,-136.2268404775872,-58.4960261416536
256,521,54.6375704203087,-105.43915959912204,-60.01125004619568
377,338,9.1470723502814,-114.08834692128414,8.298489320203188
345,583,20.11539962650877,-135.8132617450426,-79.04774509488459
397,382,1.710726989227386,-143.13092711825186,-7.978490143205503
382,372,7.051447225581995,-134.15550419531087,-4.414882602889339
397,367,1.7219618091227313,-137.75703737618562,-2.684819235938919
359,408,15.409194087191743,-127.24612690878519,-17.300729026533638
399,614,1.0114275763694391,-146.30913301711075,-88.3320022513438
399,591,1.0126869847689028,-144.50191529345705,-80.62653807534647
371,591,10.77586585018156,-142.98054515817284,-80.84547098606517
307,554,34.51085868643525,-121.04583653759289,-70.5364704108801
328,457,26.722827333182497,-123.94449711357572,-35.08852956084526
323,571,28.33792987043748,-127.56849210460439,-75.87559592029362
294,457,39.30377359447032,-120.20939095960932,-35.2772404948512
314,475,31.916861160607585,-121.82117792535848,-41.736873516360035
280,487,44.94147762849483,-113.81798288460425,-46.66925169379545
365,612,12.851687269013082,-143.63904019082014,-88.06266250000843
349,419,19.070066444949386,-125.4242205672258,-21.300264297590694
292,569,40.387399453571966,-115.4979704694033,-76.70877395254277
313,587,32.25289445696593,-122.27244038913955,-82.3731603432332
295,533,39.11296347858635,-117.83545722599968,-63.2261098106233
242,502,60.37662027059298,-100.97324634455015,-53.25556500216422
274,538,47.46669869186564,-110.27152338458438,-65.86607909419699
231,521,65.9242972199733,-89.16616693509741,-61.55919740804732
301,500,36.919955723330354,-117.77728993062703,-51.147177449462156
360,395,15.085048582195205,-125.97378812464831,-12.635082363348742
361,438,14.31178672979402,-141.16107486199826,-27.570300625172443
350,444,18.735436892564568,-124.67079802403146,-30.353546672151225
367,425,12.115689205830467,-145.36195001049379,-22.902841609850586
352,326,18.22965601278876,-118.18254748454285,12.55695663536424
328,319,26.917654332746384,-120.06155838608629,15.032686091591108
307,319,34.566810713946786,-120.18250665869164,15.027165354337379
290,324,40.86112695491915,-118.91412893098322,13.25796888532442
278,334,45.46831283947121,-116.30100950832002,9.695746273343607
267,365,50.35259688288899,-107.18784746854271,-1.5648369590326414
221,415,71.50749780697669,-75.3638889505404,-20.92075722769723
279,384,45.463071907245116,-112.00796578073664,-8.664730300167472
294,387,39.641225437659266,-115.64114129461814,-9.769094125335414
315,384,31.794517146065836,-117.75178617747986,-8.666731668226474
334,379,24.818278873055377,-118.14092472718835,-6.837080988204216
349,372,19.345339079631827,-117.67894711972497,-4.271355939610081
359,366,15.683538172778558,-117.64426099551929,-2.0732335839904215
222,422,70.82784743472158,-77.65245236032035,-23.63132355553595
350,449,18.743222241102895,-124.44736264168523,-32.17062345126075
370,395,11.367294322916564,-131.36771675501473,-12.595613864999637
372,436,10.30865014394898,-149.0570744217302,-26.58708972133229
381,445,7.186272075610213,-150.76888859983904,-29.614630342317163
372,440,10.296177698022095,-149.69627548702692,-27.940017558355336
355,455,16.5634403283066,-136.30884427053917,-33.7572455808892
384,446,6.143536111775685,-151.94173107744894,-29.907584315476488
385,451,5.940209986343649,-138.63702711479908,-32.23616639270934
358,353,16.133742354800233,-114.77770270538042,2.7516358066556688
366,357,13.150104584738967,-116.34898695494371,1.2483195078068334
371,358,11.266683123615133,-118.69400039424204,0.8378075685468236
289,358,41.35116264166657,-117.30311567628053,0.8634933697923977
280,349,44.81532955999248,-115.32647571675443,4.211263663084464
411,385,-3.160749619460698,-144.18961823979663,-9.023748146076576
506,355,-38.15582606096971,-117.74214806846157,1.954091110790026
413,448,-3.7847029455626697,-152.09916072885602,-30.585422289534844
562,306,-61.0236572232025,-96.8494416057249,21.042545778539907
462,365,-22.080294901267198,-116.8437725258259,-1.6960522978225994
477,367,-27.56282129342467,-117.22379363664334,-2.434409206380505
492,368,-33.10740144303551,-116.51200895332533,-2.7928211533177283
513,361,-41.15561062513732,-112.2036772619208,-0.15261843497799177
450,361,-17.707661340196463,-115.99137084207132,-0.21464801038877468
482,327,-29.211095011981527,-120.45612734850909,12.099925074822885
467,328,-23.75894525411501,-120.1775307889908,11.746550567162943
497,330,-34.70875267942399,-119.97533687015903,11.025153870023166
507,336,-38.50951006467922,-117.91047111774878,8.906869935082856
526,373,-46.30558805477152,-108.3458167087166,-4.562838634154062
462,599,-21.330214384575097,-134.2041868961963,-84.94653873196508
512,352,-40.48625223528896,-116.03792148398134,3.0913947461680795
573,373,-66.4911350061692,-86.24278908147244,-4.38570309023958
543,364,-53.4616104868031,-100.13026845380682,-1.0904223408790248
478,432,-27.715432315831887,-121.1605029644885,-26.132862420010202
419,496,-5.989702972637416,-140.6764106517171,-47.9030323249364
415,516,-4.580288544302047,-141.48030728246266,-54.83441964726349
440,503,-13.455643703100426,-136.70755819834483,-50.68254939592551
454,512,-18.524681006858604,-133.3386396450266,-54.15905127180716
431,517,-10.23989230847915,-138.4935928923016,-55.45989407363968
443,521,-14.582584236155602,-134.44214385326006,-57.25237871324969
475,543,-26.445637939097182,-124.57067811482364,-66.14387227048927
411,437,-3.0887655563845255,-153.5800932846467,-26.76602287131878
413,420,-3.7717368364268684,-153.5303933033574,-20.965823667687467
531,320,-47.783298544428554,-112.57631265243924,15.004518330741995
445,391,-15.578694898069326,-125.29287881306777,-11.196171830025493
450,436,-17.449354426220136,-123.40464255403265,-27.507734045760593
451,428,-17.803560054295257,-123.63208480163985,-24.602526604036346
523,433,-44.60442791678381,-115.14514621307342,-26.700025631734185
412,401,-3.4584264480923896,-150.18394408378225,-14.519694886605166
495,299,-33.955457827989804,-120.3369058259317,22.30865624691794
516,307,-41.89802062034468,-116.75445287719037,19.58672183488995
545,276,-54.174230728697616,-100.5696344834023,32.18510166319638
429,310,-9.823404757183619,-124.2893170500173,18.094761413267328
454,332,-19.08420523001956,-118.47007570578967,10.35086762680933
487,526,-30.916545904783895,-122.37385107202829,-60.21539656829538
568,533,-64.37391592283217,-87.74854980114469,-66.33969040426298
438,446,-12.649634382392883,-140.4827519299513,-30.398692478884932
425,452,-8.270243164059504,-130.40065514330934,-32.97527269278196
468,527,-23.903806917513638,-124.81326189949311,-60.33615838118341
460,526,-20.910717012969734,-127.26779024740586,-59.732814572061045
524,297,-44.917543516839736,-115.78080874323143,23.315326019209408
451,445,-17.36094819970105,-136.0857377006658,-30.233687493831653
467,298,-23.60484559429836,-123.47796263480609,22.483740716120916
470,286,-24.59454760835703,-125.46667138702787,26.694086957272017
484,237,-30.320057786323723,-113.95988105610672,45.55861587435811
535,286,-49.63257957335917,-108.64405347852914,27.848831503405787
475,260,-26.53180292352423,-122.9220851502721,36.297013128970065
540,315,-51.30130534095043,-110.63406716461441,16.94776252800898
551,311,-56.278271461160465,-102.13929555585082,18.86762305136647
417,507,-5.283365931477009,-141.16864496540097,-51.71379227249352
435,512,-11.659163092014637,-137.99442754109026,-53.74537607707153
448,517,-16.359136252400642,-134.33555324754911,-55.84383164411816
435,449,-11.638818373220687,-138.82854562843073,-31.52420992537838
464,527,-22.34750067954174,-127.30375742864157,-60.08883980413778
457,529,-19.770364767212545,-128.81759666476853,-60.65554190326327
459,526,-20.464242736913715,-129.38078450311468,-59.52445624364497
429,438,-9.26319610236976,-152.00947546474492,-27.165840600036475
440,521,-13.493659345168364,-135.3437721907619,-57.166612484798534
428,519,-9.173071449254456,-139.08290646407573,-56.10820563829841
414,519,-4.220854637403668,-142.4787752716291,-55.789911019401664
421,571,-6.67279233096661,-141.86649761801783,-74.01731912128463
419,551,-5.959833411533264,-142.93230695182416,-66.9051842692818
418,540,-5.605602121223867,-143.3748033072165,-63.02174561037087
416,531,-4.930446531286671,-141.43856651591727,-60.08406970739416
415,525,-4.596363853455327,-139.94246440178017,-58.132224894852826
442,525,-14.222006602967229,-134.64646779080982,-58.65076234897425
445,528,-15.32665520382678,-133.32999639392773,-59.84577668086007
449,532,-16.736843201130917,-133.66095877294538,-61.23324663249617
453,539,-18.11726139669484,-134.74798112597733,-63.60220156305917
468,493,-23.802318126453365,-126.95493438954452,-47.889770552593646
579,452,-68.92918001335852,-85.36956337961715,-35.0934990006547
450,526,-17.20479118469086,-130.42347814114635,-59.42163821520813
453,527,-18.23878515392724,-131.45772875681672,-59.67632981729034
420,459,-6.4181164862984,-135.06848238057967,-35.234827661367135
446,456,-15.632367162394436,-134.87915581047298,-34.18177869256391
422,456,-7.116307416019593,-135.729269996139,-34.13942030561781
462,401,-21.91225822101745,-120.73293686703835,-14.858336406497635
487,412,-31.159718999838194,-118.36296652083752,-18.909415141155268
454,437,-18.9205195520419,-122.81979081767327,-27.891420545585845
521,252,-44.580014561358844,-106.70517110712399,40.69542429824544
511,269,-40.203922801728744,-114.93786100965531,33.676029292888074
500,287,-35.74664353564242,-120.78101463758674,26.651604156290688
461,553,-21.050608041411547,-132.43618673402938,-68.83503968013515
434,289,-11.547597159753938,-127.84174189987812,25.453465527972902
439,260,-13.377299225017213,-126.60114566783818,35.977813490022584
444,230,-15.451037299949364,-117.68374822491069,47.739772930361376
505,366,-38.01486158015819,-114.66350566741164,-2.034805019138618
543,385,-53.21340466659515,-102.62095924653886,-9.03823226650072
443,356,-15.151676196186058,-115.45070427369956,1.633366308576587
525,342,-45.648659507184256,-111.6077446897807,6.8968323794321265
434,379,-11.475959626866835,-130.86521142467143,-6.885850930719828
440,429,-13.134224845850934,-148.2382470476025,-24.201594885839782
561,398,-60.62079847286982,-97.0460949429588,-13.988725579979793
532,394,-48.46247105665339,-109.21350209064576,-12.38554229499719
513,399,-40.963740718979466,-114.64021033802169,-14.191599796267187
483,395,-29.76663942626877,-117.15049168519886,-12.699644259661863
461,388,-21.641940637630267,-118.525586303463,-10.129758059508893
445,380,-15.705082079868426,-121.26260634394089,-7.212827668451782
412,356,-3.5944532085238676,-133.91771063864923,1.266593215989353
560,432,-60.23013111617775,-97.1358669016173,-26.928117652760648
538,340,-50.92003611674558,-106.87913659778565,7.784491516296178
406,447,-1.3862487147766849,-152.67468993778328,-30.218062682293258
445,406,-15.499879929815975,-127.80615422743301,-16.573114121554323
577,378,-68.78269476636106,-80.25307626295432,-6.299503136917963
433,370,-11.294405105912425,-123.23221883851204,-3.5949117816018124
456,439,-19.606572965398076,-123.82785734336733,-28.57852770648807
517,353,-42.58294177637015,-112.85429658582552,2.793857695259417
440,419,-13.160019822610677,-147.31286932261247,-20.77401181741251
577,492,-67.58378565385922,-89.9728663642826,-50.30044033979958
443,351,-15.1615263691534,-115.12198944745694,3.4802003147098937
426,408,-8.27378850337402,-149.93110808013802,-16.929225967886257
535,566,-50.260772918281994,-101.96671403293931,-77.31685294095814
536,590,-51.46675656595621,-93.22229173054984,-87.62261459478945
578,442,-68.61554768389126,-84.76362942706749,-31.22983042233377
553,544,-57.503414791265364,-97.72251746540564,-69.48957219191642
562,340,-61.54292377068316,-92.24985053463752,8.23816067025442
468,620,-23.498022727311078,-133.37634387116128,-92.53242566971089
404,452,-0.7053598645139607,-151.63645529771287,-31.976357747707183
459,419,-20.718219496520025,-123.20366706799052,-21.353651411587546
557,368,-59.230075767756496,-95.84045837269935,-2.555129951256279
490,357,-32.1817155812964,-119.56533042570356,1.1866811268492565
476,358,-27.126936764808743,-118.53203912534195,0.8407985460942271
462,533,-21.54737470974683,-129.17806883834896,-62.05230570710724
559,466,-59.50947931501919,-100.20487463934148,-39.694048541114256
437,648,-12.34475871052159,-138.7176539055596,-101.50113766868827
490,625,-32.37371602103947,-116.50404653859584,-97.13690451448363
512,610,-41.39539459647891,-104.38974980247542,-93.53414547124949
464,357,-22.76829435748256,-117.86894818239853,1.2191907937778943
453,354,-18.792235243482207,-116.47308287487647,2.347299923321996
447,352,-16.619692621467653,-115.5518119610258,3.1024043983359224
549,339,-55.49168970778135,-102.45099214336926,8.29870402084349
455,347,-19.44453252528942,-118.61097917958125,4.861267265847205
468,346,-24.097106441223993,-120.73414865018208,5.169932815990711
480,346,-28.428608782774894,-121.4211209275586,5.1515015125384735
492,348,-32.82854996532608,-120.86140559304215,4.438395714868932
501,350,-36.203126506174115,-119.46871664586274,3.743756270569804
572,338,-66.43885543670935,-83.44036284950744,9.29163046466541
499,356,-35.49065952215132,-119.21365504083951,1.5586303680108795
454,481,-18.66854487793176,-129.51566098377555,-43.399785518497985
438,442,-12.56247980113796,-143.77392344574594,-28.86526283828341
421,474,-6.740480157001746,-137.24124814005302,-40.4117236381237
513,587,-41.385259845504926,-109.28738917625265,-84.20557941265804
492,604,-32.85583446606711,-120.4358345442023,-88.82642345942068
437,631,-12.243881694270147,-142.6299741396964,-94.8515759323525
553,566,-58.462843589002475,-88.72411920416732,-78.99181829880246
447,349,-16.58762368602903,-116.53091991138194,4.181466758924923
423,381,-7.39971105791824,-140.11509189227826,-7.622592014694482
466,638,-22.896388201546568,-131.00547282685739,-99.34738048991643
576,479,-67.0275339129953,-91.3643407619461,-45.196174943018676
430,525,-9.941653355244474,-135.93288284041273,-58.52480789058528
432,529,-10.5993782472172,-138.14776471163373,-59.71600591225162
435,536,-11.6039881333855,-140.25655912555402,-61.95747065765965
438,546,-12.642537569531981,-140.7507450521075,-65.40730597172346
444,563,-14.840809827304739,-137.58511808610865,-71.75450319538017
453,524,-18.206186034528923,-132.34034901375736,-58.52049523410075
458,523,-20.07592476633389,-130.12779995225333,-58.37798284584335
463,520,-21.90216284057205,-129.25727919252085,-57.38737172950128
480,508,-28.249617047619356,-124.63172596537322,-53.48694047921381
537,471,-50.3620317248818,-108.80848529877221,-41.06770648947404
423,367,-7.484217368828879,-134.84273016440187,-2.6492782486355004
430,339,-10.399061263735268,-114.05394138634449,7.930798845250772
440,342,-14.04930280689751,-115.41043062160202,6.78420719987165
450,522,-17.123082834252568,-132.76846455134643,-57.7673489489013
543,515,-52.90591113455953,-105.70658918230788,-57.738076416273486
417,337,-5.495850663694773,-123.23276452808716,8.364575358717842
453,581,-18.116400181430823,-134.77129850545367,-78.48314409066975
412,371,-3.547143488536156,-139.57506031824886,-4.111071851726187
435,407,-11.503650331755342,-144.37033312416958,-16.672614019388288
426,589,-8.398718688500304,-143.03605002460444,-80.14026672341996
491,550,-32.513392173339554,-120.09024731848376,-69.19094996146595
469,454,-24.418213041556452,-121.62931209067517,-34.11492216410382
475,568,-26.422445933208007,-125.01441031064496,-75.12404184168024
502,452,-36.62345319309062,-118.69080989044585,-33.52609438739904
483,471,-29.591745833847348,-120.17419863287228,-40.38258291119035
517,482,-42.519499649245304,-113.63239721369996,-44.83701234193863
433,611,-10.820979567837067,-143.81867696510255,-87.68611995382847
446,417,-15.921501777453043,-125.85957927108018,-20.568640689269508
506,565,-38.41723722309781,-114.2032980727671,-75.40042972007713
485,584,-30.198868650684705,-122.23309542058803,-81.28939606609593
503,529,-37.29818473884843,-114.38369511344001,-62.10901733158083
557,496,-58.53985193042976,-102.14907582588137,-50.89667487424848
524,533,-45.4078913147466,-110.10632395938171,-64.02596866632996
569,514,-64.03036996942078,-93.9527551335841,-58.42418537545548
495,495,-34.189874798259034,-116.7960411036862,-49.39168510719655
434,393,-11.358746288289522,-135.81221256786125,-11.855807482663852
434,436,-11.008205989891746,-150.60680231298716,-26.53147128348389
445,441,-15.101809479846139,-140.49994447141967,-28.646076800143025
427,423,-8.570436855220976,-152.43726575664283,-22.019037467143256
442,325,-14.7233281285963,-117.51829821784395,12.950427434354175
466,316,-23.43508349103677,-119.29314730976364,16.16322344447974
487,315,-31.101843599611726,-119.3175604022473,16.527195343264296
505,319,-37.78442360144262,-117.81276662965695,15.135333183262384
517,328,-42.37705030503572,-115.37950011193107,11.935466060406489
529,358,-47.60924372886474,-106.28450552201127,1.0669766828018439
577,407,-68.95765135776759,-78.83466903960209,-17.700195647478466
517,378,-42.7512006348486,-110.79064693596615,-6.437829178804076
502,381,-36.95267409063862,-114.05920915199636,-7.559039909142511
481,380,-29.08868435960854,-116.17010604453264,-7.196857860799968
461,376,-21.711211731664516,-116.89604225894323,-5.731835221448026
447,370,-16.548854353240323,-117.71460005056451,-3.5391578109219948
436,364,-12.476993304556519,-119.43111533286628,-1.3661538099464652
578,415,-69.25528766829042,-79.60627017298066,-20.830586486508807
445,447,-15.167974316048516,-138.39006027292078,-30.840227016304652
423,394,-7.3216072480138275,-144.9880005981949,-12.148703268072587
422,435,-6.848732944871398,-153.18210112697835,-26.097508097431714
414,445,-4.1184743337454135,-152.9725628650615,-29.521721107585314
422,439,-6.838620043860874,-153.84172591413454,-27.43860714585548
441,453,-13.799405756998258,-137.03153116283698,-33.01615444819389
411,446,-3.0854923726926655,-154.00708710052925,-29.81906742490329
410,451,-2.757231166274955,-152.18442024513735,-31.608348791293736
437,351,-12.964653955675523,-114.67621413283803,3.4906071080549594
429,355,-9.937147771104847,-118.66110274562993,1.9351993596144634
424,357,-8.016973794153106,-124.17380508976044,1.098363781528743
507,352,-38.45737590620983,-118.60964062896585,3.033149161741921
516,343,-42.02865967839716,-115.13838743744293,6.424214723335027
